{"contracts":{"IntentContract":{"fields":["schemaVersion","intentId","title","description","actor","constraints","inputParams","tags","createdAt"]},"StepContract":{"fields":["schemaVersion","stepId","intentId","stepIndex","name","description","toolName","toolParams","expectedOutputSchema","requiresApproval","retryPolicy","dependsOn","createdAt"]},"WorkerTaskContract":{"fields":["schemaVersion","taskId","stepId","runId","workerType","instructions","inputRefs","constraints","outputSchema","createdAt"]}},"description":"ClawForge contract schemas snapshot","schemaVersion":"1.0.0"}